id,title,description,tiny_description,short_description,medium_description,long_description,price,shelf_time,campus_id,last_update,archived,taxable,category_names,vendor,source,notes,total_cal,num_servings,ingredients,calories,proteins,sugar,carbohydrates,fat,consumer_category,ws_case_size,kiosk_ship_qty,pick_station,fc_title,width_space,height_space,depth_space,slotted_width,tag_volume,delivery_option,tag_applied_by,,,,,
2350,Harmless Harvest - Harmless Harvest Coconut Water 16 oz,Organic Coconut Water,null,null,null,null,5.99,30,87,1524454848,0,0,Other Beverage;Drinks,Harmless Harvest,Good Stuff,null,60,2,organic coconut water,60,0,14,15,0,Drinks,12,1,2,Coconut Water,2.5,8,2.5,2.5,2000,P,W,,,,,
2352,Slingshot - Strawberry,.,null,null,null,null,4.79,30,87,1526426647,0,0,Yogurt & Dairy;Snacks,SlingShot,SlingShot,null,347,1,"(drink) lowfat milk, milk protein concentrate, agave syrup, strawberries, water, natural flavors, fruit and vegetable juice (for color), yogurt cultures; (shot) toasted oats, chia seeds, almond bits, honey, sunflower oil",347,18,37,46,10,Breakfast,6,1,2,Yogurt,2.75,6,2.75,2.75,500,P,W,,,,,
2358,Savvy Savories - Pasta Bolognese,.,null,null,null,null,6.99,11,87,1527120885,0,0,Reheatable Entree;Entrees,Savvy Savories,Natural Choice,null,999,2,"Enriched pasta(durum wheat semolina, niacin, Iron, lactate, thiamin mononitrate, riboflavin, folic acid), organic tomato puree, meatless Italian sausage (vital wheat gluten, spices, fresh lemon juice, red wine, soy sauce, organic garlic, organic onions, bell peppers, extra virgin olive oil, red wine, parmesan cheese (cultured milk, enzymes, salt, cellulose), expeller pressed canola oil, herbs, spice ,and pure sea salt. Contains: Milk, Wheat, Soy.",290,17,3,40,7,Entrees,1,1,1,Entrees_Veg,5,7.25,2,5,1000,P,W,,,,,
2360,Blue Bottle - New Orleans Style Iced Coffee,"Clover organic milk, organic chicory, organic cane sugar",Iced coffee cold brewed.,"Sweet, creamy iced coffee cold-brewed with roasted chicory, with whole milk and organic cane sugar.","New Orleans Iced Coffee is a sweet, creamy, decadent iced coffee that's cold-brewed with roasted chicory, then cut with whole milk and organic cane sugar.","From the original Blue Bottle makers in Oakland, New Orleans Iced Coffee is a sweet, creamy, decadent iced coffee that's cold-brewed with roasted chicory, then cut with whole milk and organic cane sugar. Blue Bottle works directly with farmers around the world to source the most delicious and sustainable coffees.",4.59,17,87,1524454848,0,0,Coffee;Drinks,Blue Bottle,Petaluma Farms,null,160,1,"organic milk, cold-brewed organic coffee blend, organic cane syrup",160,6,19,19,6,Drinks,12,1,2,Iced Coffee,2.75,4.25,2.75,2.75,2000,P,W,,,,,
2363,Shakti - Thai Coconut Curry with Peanut Ginger Rice,"thai jasmine rice, organic tofu, soy, coconut milk, cauliflower, carrots, potato, butternut squash, bell peppers, green beans, mushrooms, tomato, onion, peanut butter, ginger, garlic, sugar, vegetable, soy, spices, salt, lemon grass, thai basil",null,null,null,null,9.59,21,87,1522797494,1,0,Reheatable Entree;Entrees,Shakti,Fresh India Cuisine,null,999,1,"thai jasmine rice, organic tofu, soy, coconut milk, cauliflower, carrots, potato, butternut squash, bell peppers, green beans, mushrooms, tomato, onion, peanut butter, ginger, garlic, sugar, vegetable, soy, spices, salt, lemon grass, thai basil",560,26,12,65,24,Entrees,1,1,1,Entrees_Veg,7.25,4.75,2,4.75,200,P,W,,,,,
2457,Savvy Savories - Spicy Peanut Noodles,null,null,null,null,null,6.99,8,87,1527120885,0,0,Reheatable Entree;Entrees,Savvy Savories,Natural Choice,null,999,2,"Enriched pasta(durum wheat semolina, niacin, Iron, lactate, thiamin mononitrate, riboflavin, folic acid), organic carrots, pure peanut butter, natural soy sauce (soybeans (non gmo), water, wheat, salt), chili paste (chili peppers, distilled white vinegar, water, sea salt), green onions, tofu (organic soy beans, water, magnesium, chloride), rice vinegar (rice, water), organic garlic, ginger, organic cane sugar, expeller pressed canola oil and spices. Contains: Peanuts, Wheat and Soy,",310,12,5,41,12,Entrees,1,1,1,Entrees_Veg,null,null,null,null,1000,P,W,,,,,
2603,Perfect Bar - Almond Butter,.,null,null,null,null,2.99,180,87,1524454849,0,0,Energy Bars;Snacks,Perfect Bar,Good Stuff,null,310,1,"almond butter, organic nonfat dry milk, allmond pieces, organic dried whole egg powder, organic rice protein, organic sesame seeds, organic flax seed oil, organic sunflower seed oil, organic sesame oil, organic olive oil, organic pumpkin seed oil, dried whole food powders",310,13,18,24,18,Snacks,8,8,4,Energy Bars,2,6.5,0.5,2,2000,P,W,,,,,
2604,Perfect Bar - Peanut Butter,.,null,null,null,null,2.99,180,87,1524454849,0,0,Energy Bars;Snacks,Perfect Bar,Good Stuff,null,330,1,"organic peanut butter, honey, nonfat dry milk, whole eggs, flax seed oil, sunflower seed oil, sesame seed oil, olive oil, pumkin seed oil, apple, alfalfa, celery, kelp, dulse, carrot, spinach all organic",330,17,18,26,18,Snacks,8,8,4,Energy Bars,2,6.5,0.5,2,2000,P,W,,,,,
2605,Slingshot - Plain,.,null,null,null,null,4.79,30,87,1526426647,0,0,Yogurt & Dairy;Snacks,SlingShot,SlingShot,null,294,1,"(drink) lowfat milk, milk protein concentrate, yogurt cultures; (shot) toasted oats, chia seeds, almond bits, honey, sunflower oil",294,20,18,26,11,Breakfast,6,1,2,Yogurt,null,null,null,null,1000,P,W,,,,,
2606,Slingshot - Vanilla,.,null,null,null,null,4.79,30,87,1526426647,0,0,Yogurt & Dairy;Snacks,SlingShot,SlingShot,null,355,1,"(drink) lowfat milk, milk protein concentrate, water, organic cane sugar, honey, natural flavors, vanilla beans, lemon juice concentrate, yogurt cultures; (shot) toasted oats, chia seeds, almond bits, honey, sunflower oil",355,17,38,47,10,Breakfast,6,1,2,Yogurt,2.75,6,2.75,2.75,500,P,W,,,,,
2784,Marin Kombucha - Pinot Sage,.,null,null,null,null,4.09,180,87,1524454849,0,0,Kombucha;Drinks,Marin Kombucha,Marin Kombucha,null,30,2,"kombucha culture, reverse osmosis purified water, organic cane sugar, organic tea blend and pinot sage extract",30,0,2,7,0,Drinks,12,1,2,Probiotic Drink,2.75,6.5,2.75,2.75,1000,P,W,,,,,
2785,Marin Kombucha - Apple Juniper,.,null,null,null,null,4.09,180,87,1524454849,0,0,Kombucha;Drinks,Marin Kombucha,Marin Kombucha,null,30,2,"kombucha culture, reverse osmosis purified water, organic cane sugar, organic tea blend and apple juniper extract",30,0,2,7,0,Drinks,12,1,2,Probiotic Drink,2.75,6.5,2.75,2.75,1000,P,W,,,,,
2853,Real Wraps - Bean & Cheese Burrito,"Tortilla, Organic Pinto Beans, Monterey Jack Cheese, Cheddar Cheese, Salt, Enzymes, Salsa, Onion, Garlic, Organic Canola Oil, Kosher Salt, Mild Chili Powder and Spices",null,null,null,null,5.59,10,87,1522797494,1,0,"Burrito & similar;Sandwiches, Wraps & Burritos",Real Wraps,Natural Choice,null,270,2,"tortilla, organic pinto beans, organic brown rice, organic tomatoes, organic black beans, bel pepper, cilantro, organic shoyu, apple cider vinegar, lemon juice, jalepeno, cultured dextrose, monterey jack cheese, cheddar cheese, salt, enzymes, salsa, onion, garlic, organic canola oil, kosher salt, mild chili powder, spices",270,13,4,36,10,Burritos,1,1,3,Burritos and Wraps_Veg,3,6.5,2,3,1000,P,W,,,,,
2854,Real Wraps - Burrito Grande,"Tortilla, Organic Pinto Beans, Monterey Jack Cheese, Cheddar Cheese, Salt, Enzymes, Salsa, Onion, Garlic, Organic Canola Oil, Kosher Salt, Mild Chili Powder and Spices",null,null,null,null,5.99,10,87,1524454849,0,0,"Burrito & similar;Sandwiches, Wraps & Burritos",Real Wraps,Natural Choice,null,250,2,"tortilla, organic pinto beans, organic brown rice, organic tomatoes, organic black beans, bel pepper, cilantro, organic shoyu, apple cider vinegar, lemon juice, jalepeno, cultured dextrose, monterey jack cheese, cheddar cheese, salt, enzymes, salsa, onion, garlic, organic canola oil, kosher salt, mild chili powder, spices",250,9,5,35,8,Burritos,1,1,3,Burritos and Wraps_Veg,3,6.5,2,3,2000,P,W,,,,,
2856,Lunch Spot - Thai Style Wrap,"Tomato Tortilla, Grilled Chicken Breast, Jicama, Carrot, Water, Spring Mix, Cucumber, Rice Vinegar, Granulated Sugar, Soy Sauce, Lime Juice, Fresh Garlic, Fresh Ginger, Jalapeno Peppers, Fresh Mint, Fresh Cilantro",null,null,null,null,7.59,6,87,1517533993,0,0,"Sandwiches & Wraps;Sandwiches, Wraps & Burritos",Lunch Spot,Natural Choice,null,999,1,"tomato tortilla, grilled chicken breast, jicama, carrot, water, spring mix, cucumber, rice vinegar, granulated sugar, soy sauce, lime juice, fresh garlic, fresh ginger, jalapeno peppers, fresh mint, fresh cilantro",430,22,9,60,9,Sandwiches & Wraps,1,1,1,Burritos and Wraps_Meat,null,null,null,null,500,P,null,,,,,
2858,Super Fresh Foods - Pan Pacific Chopped Chicken Salad,"Mixed Greens, Grilled Chicken Breast, Red Bell Pepper, Snow Peas, Carrots, Rice Vinegar, Honey, Almonds, Cholesterol Free Mayonnaise, Ginger Root, Soy Sauce, Cane Sugar",null,null,null,null,7.49,7,87,1517533993,0,0,Lettuce & Vegetable Salad;Salads,Super Fresh Foods,Natural Choice,null,260,1,"mixed greens, green cabbage, red cabbage, spring mix, grilled chicken breast, red bell pepper, snow peas, carrots, rice vinegar, honey, almonds, cholesterol free mayonnaise, ginger root, soy sauce, cane sugar",260,16,18,28,11,Soups & Salads,1,1,1,Salads_Meat,6.25,7.25,2,6.25,1000,P,null,,,,,
2859,Super Fresh Foods - BBQ Chopped Salad,.,null,null,null,null,5.99,7,87,1517533993,0,0,Lettuce & Vegetable Salad;Salads,Super Fresh Foods,Natural Choice,null,999,1,"romaine lettuce, smoked tofu, black beans, cherry tomato, monterey jack cheese, tortilla strips; dressing; bbq sauce",390,15,5,28,24,Soups & Salads,1,1,1,Salads_Veg,null,null,null,null,1000,P,null,,,,,
2860,Super Fresh Foods - Santa Fe Salad,.,null,null,null,null,5.99,7,87,1524454849,0,0,Lettuce & Vegetable Salad;Salads,Super Fresh Foods,Natural Choice,null,999,1,"salad: romaine lettuce, spring mix, organic black beans, red bell pepper, organic corn, monterey jack cheese, cheddar cheese, cherry tomato, tortilla strips. dressingL veganaise* fresh lime juice, water, chipotle peppers, organic sugar, garlic, cliantro, kosher salt,",390,13,5,28,25,Soups & Salads,1,1,1,Salads_Veg,6.25,7.25,2,6.25,1000,P,W,,,,,
2880,Urban Remedy - Glow,.,null,null,null,null,9.99,14,87,1517533993,0,0,"Juice, Smoothies & Blends;Drinks",Urban Remedy,Urban Remedy,null,90,1,"cucumber, celery*, spinich*, parsley*,kale*, liquid afa algae (fresh frozen aphanizomenon flos-aluae*), lemon* *=organic",90,9,7,18,1,Drinks,1,1,2,Juice,2.5,6.75,2.5,2.5,200,P,null,,,,,
2882,Urban Remedy - After Party,.,null,null,null,null,9.99,14,87,1517533993,0,0,"Juice, Smoothies & Blends;Drinks",Urban Remedy,Urban Remedy,null,230,1,"carrot*, apple*, beet root*, ginger*, lemon* *=organic",230,3,34,56,1,Drinks,1,1,2,Juice,2.5,6.75,2.5,2.5,200,P,null,,,,,
2883,Odwalla - Odwalla Chocolate Protein,.,null,null,null,null,3.89,90,87,1522891768,0,0,"Juice, Smoothies & Blends;Drinks",Odwalla,Odwalla,null,410,1,"soymilk (water, soybeans), filtered water, cane sugar, milk protein concentrate, isolated soy protein, less than 2% of: dutch cocoa (processed with alkali), tricalcium phosphate, vanilla extract, sea salt, carrageenan, zinc gluconate, agar, vitamin b6 (pyridoxine hydrochloride) and vitamin b12 (cyanocobalamin)",410,32,47,53,8,Drinks,8,1,2,Smoothies & Yogurt Drinks,2.5,7,2.5,2.5,1000,P,W,,,,,
2885,Odwalla - Odwalla Original Superfood,.,null,null,null,null,3.89,90,87,1517533993,0,0,"Juice, Smoothies & Blends;Drinks",Odwalla,Odwalla,null,240,1,"apple juice from concentrate, peach and mango puree from concentrate, banana puree, spirulina, natural flavors, lemon juice, vitamin c, kale, wheat grass, barley grass, wheat sprout, jerusalem artichoke, nova scotia, dulse, pectin, and gellan gum",240,1,51,58,0,Drinks,8,1,2,Smoothies & Yogurt Drinks,2.5,7,2.5,2.5,1000,P,null,,,,,
2941,Justin's - Dark Chocolate Peanut Butter Cups,"Organic Dark Chocolate (Organic Evaporated Cane Sugar, Organic Chocolate Liquor*, Organic Cocoa Butter*, Organic Soy Lecithin, Organic Vanilla), Organic Peanuts, Organic Powdered Evaporated Cane Sugar, Organic Peanut Flour, Organic Palm Fruit Oil**, Organic Cocoa Butter, Organic Vanilla Flavor, Sea Salt, Organic Soy Lecithin.",null,null,null,null,2.79,365,87,1524013556,0,0,Sweet Snacks & Dessert;Snacks,Justin's,Good Stuff,null,220,1,"organic dark chocolate, organic peanuts, organic powdered evaporated cane sugar, organic peanut flour, organic palm fruit oil, organic cocoa butter, organic vanilla flavor, sea salt, organic soy lecithin",210,5,17,21,14,Desserts,12,12,4,Chocolate,2.25,6,0.5,2.25,2000,P,W,,,,,
2944,Ito En - Oi Ocha Green Tea,.,null,null,null,null,2.5,365,87,1524454848,0,0,Tea;Drinks,Ito En,Good Stuff,null,0,1,"purified water, green tea, ascorbic acid",9999,0,0,0,0,Drinks,12,1,2,Tea,null,null,null,null,1000,P,W,,,,,
2996,Shakti - Spinach Tofu Curry with Biryani,"basmati rice, water, spinach, beans (split garbanzo, mung, urd, toor lentils), onion, potato, carrots, begetable oil, soy, garlic, salt, spices",null,null,null,null,9.59,21,87,1522797353,1,0,Reheatable Entree;Entrees,Shakti,Fresh India Cuisine,null,999,1,"basmati rice, water, spinach, beans (split garbanzo, mung, urd, toor lentils), onion, potato, carrots, begetable oil, soy, garlic, salt, spices",510,19,8,71,18,Entrees,1,1,1,Entrees_Veg,7.25,4.75,2,4.75,200,P,W,,,,,
3127,Marin Kombucha - Ginger Lemongrass,.,null,null,null,null,4.09,180,87,1524454849,0,0,Kombucha;Drinks,Marin Kombucha,Marin Kombucha,null,999,2,"kombucha culture, reverse osmosis purified water, organic cane sugar, organic tea blend and ginger lemongrass extract",30,0,2,7,0,Drinks,12,1,2,Probiotic Drink,2.75,6.5,2.75,2.75,1000,P,W,,,,,
3170,Rosemary Chicken Salad Sandwich,,null,null,null,null,5.79,7,87,1452463331,1,0,sandwich,,null,null,null,null,null,null,null,null,null,null,Sandwiches & Wraps,null,null,null,null,null,null,null,null,null,M,null,,,,,
3171,Project Juice Arugula Beet Quinoa Salad,"Antioxidant Salad with Roasted Beets, Qunioa and Arugula, topped with Candied Pecans, Pickled Onions and Pomegranate Vinaigrette",null,null,null,null,10.95,4,87,1478024845,1,0,Lettuce & Vegetable Salad;salads,Project Juice,Project Juice,null,999,1,"Roasted Beets, Qunioa, Arugula, Candied Pecans, Pickled Onion, Pomegranate Vinaigrette.",999,null,null,null,null,Soups & Salads,null,null,null,null,null,null,null,null,null,M,null,,,,,
3172,Shakti - 7 Veggie Curry with Biryani,"basmati rice, water, cauliflower, potato, bell peppers, green beans, mushrooms, peas, carrots, corn, onion, tomato, beans (split garbanzo, mung, urd, toor lentils), coconut milk, vegetable oil, soy, garlic, salt, spices, fresh mint, cilantro",null,null,null,null,9.59,21,87,1510290115,1,0,Reheatable Entree;Entrees,Shakti,Fresh India Cuisine,null,999,1,"basmati rice, water, cauliflower, potato, bell peppers, green beans, mushrooms, peas, carrots, corn, onion, tomato, beans (split garbanzo, mung, urd, toor lentils), coconut milk, vegetable oil, soy, garlic, salt, spices, fresh mint, cilantro",520,18,10,72,20,Entrees,1,1,1,Entrees_Veg,7.25,4.75,2,4.75,null,M,null,,,,,
3175,Chocolate Pot de Creme,"Organic Milk, Organic Cream, Dark Chocolate 70% ( Cocoa Beans, Cocoa Butter, Sugar, Soy Lecithin, Vanilla Extract), Egg Yolk, Organic Cane Sugar, Organic Cultured Non Fat Milk, Sea Salt.",null,null,null,null,3.6,14,87,1469044988,1,0,Sweet Snacks & Dessert / Snacks,Petit Pot,Natural Choice,null,null,null,null,null,null,null,null,null,Desserts,null,null,null,null,null,null,null,null,null,M,null,,,,,
3176,Hint Water - Blackberry,"Purified Water, Blackberry, and Other Natural Flavors From Non-GMO Plants",null,null,null,null,1.95,180,87,1478024870,1,0,Other Beverage / Drinks,UNFI,,null,0,0,null,0,null,null,null,null,Drinks,null,null,null,null,null,null,null,null,null,M,null,,,,,
3180,Chicken Bento with Veggies,,null,null,null,null,5.95,1,87,1453840123,1,0,entree,,null,null,null,null,null,null,null,null,null,null,Entrees,null,null,null,null,null,null,null,null,null,M,null,,,,,
3181,Project Juice Acai Chia Pudding,"House-Made Almond Mylk, Blueberries, Acai, Chia Seeds, Candied Walnuts, Maple Syrup, Vanilla *Gluten Free / Vegan / DairyFree / GrainFree",null,null,null,null,6.95,1,87,1463013545,1,0,snack,Project Juice,null,null,null,null,null,null,null,null,null,null,Snacks,null,null,null,null,null,null,null,null,null,M,null,,,,,
3182,Emily Kay's Artisinal Quiches,.,null,null,null,null,5.75,5,87,1453655921,1,0,entree;Reheatable Entree,Emily Kay,Emily Kay,null,999,1,null,999,null,null,null,null,Entrees,null,null,null,null,null,null,null,null,null,M,null,,,,,
3183,Chicken Bento with Veggies,,null,null,null,null,5.95,1,87,1453840133,1,0,entree,,null,null,null,null,null,null,null,null,null,null,Entrees,null,null,null,null,null,null,null,null,null,M,null,,,,,
3202,Vegetarian Egg Breakfast Burrito,.,null,null,null,null,6.5,5,87,1494463737,1,0,"Breakfast Burritos, Sandwiches & Wraps;Sandwiches, Wraps & Burritos",Delicious!,Delicious!,null,999,1,"flour tortilla, scrambled eggs, mushrooms, onions, green peppers, zucchini, roasted potatoes, cheddar cheese, pico de gallo",9999,null,null,null,null,Breakfast,4,1,3,null,null,null,null,null,null,M,null,,,,,
3203,Coco Libre Coconut Water,"Organic Coconut Water From Concentrate, Natural Flavors",null,null,null,null,3.8,180,87,1471227653,1,0,drinks;Other Beverage,Coco Libre,Good Stuff,null,999,1,"Organic Coconut Water From Concentrate, Natural Flavors.",999,null,null,null,null,Drinks,null,null,null,null,null,null,null,null,null,M,null,,,,,
3204,Blue Bottle New Orleans Style Iced Coffee,"Clover organic milk, organic chicory, organic cane sugarClover organic milk, organic chicory, organic cane sugar",null,null,null,null,4.25,1,87,1452712421,1,0,drinks,,null,null,null,null,null,null,null,null,null,null,Drinks,null,null,null,null,null,null,null,null,null,M,null,,,,,
3205,Winter Salad,.,null,null,null,null,7.95,5,87,1480605316,1,0,Other Salad;salads,Delicious!,Delicious!,null,999,1,null,999,null,null,null,null,Soups & Salads,null,null,null,null,null,null,null,null,null,M,null,,,,,
3206,Real Wraps Breakfast Burrito,.,null,null,null,null,5.5,10,87,1470190685,1,0,"Burrito & similar;Sandwiches, Wraps & Burritos",Real Wraps,Natural Choice,null,999,1,null,999,null,null,null,null,Burritos,null,null,null,null,null,null,null,null,null,M,null,,,,,
3208,Chinese Chicken Salad,.,null,null,null,null,7.95,5,87,1469041888,1,0,Lettuce & Vegetable Salad;salads,Delicious!,Delicious!,null,999,1,null,999,null,null,null,null,Soups & Salads,null,null,null,null,null,null,null,null,null,M,null,,,,,
3213,Southwest Chicken Caesar Salad,,null,null,null,null,7.95,5,87,1470190649,1,0,Lettuce & Vegetable Salad / Salads,Delicious!,Delicious!,null,null,null,null,null,null,null,null,null,Soups & Salads,null,null,null,null,null,null,null,null,null,M,null,,,,,
3214,Urban Remedy Zen Salad,,null,null,null,null,7.75,1,87,1446897995,1,0,salad,null,null,null,null,null,null,null,null,null,null,null,Drinks,null,null,null,null,null,null,null,null,null,M,null,,,,,
3215,Pad Thai Salad with Tofu,,null,null,null,null,7.95,1,87,1456165511,1,0,entree,,null,null,null,null,null,null,null,null,null,null,Soups & Salads,null,null,null,null,null,null,null,null,null,M,null,,,,,
3216,Tea's Tea - Peach Ginger Black Tea,.,null,null,null,null,1.99,180,87,1470190629,1,0,drinks;tea,Ito En,Good Stuff,null,80,1,null,80,null,null,null,null,Drinks,null,null,null,null,null,null,null,null,null,M,null,,,,,
3217,Tea's Tea - Organic Unsweetened Black Tea,.,null,null,null,null,1.99,180,87,1491350939,1,0,drinks;tea,Ito En,Good Stuff,null,0,1,null,0,null,null,null,null,Drinks,null,null,null,null,null,null,null,null,null,M,null,,,,,
3218,Bean & Cheese Burrito,,null,null,null,null,5.5,1,87,1452123449,1,0,burrito,,null,null,null,null,null,null,null,null,null,null,Burritos,null,null,null,null,null,null,null,null,null,M,null,,,,,
3219,Tea's Tea - Unsweetened Green Jasmine,.,null,null,null,null,1.99,180,87,1470190597,1,0,drinks;tea,Ito En,Good Stuff,null,0,1,null,0,null,null,null,null,Drinks,null,null,null,null,null,null,null,null,null,M,null,,,,,
3220,Rustic Bakery - Rustic Bakery Pecan Shortbread,null,null,null,null,null,2.5,180,87,1510290115,1,0,Sweet Snacks & Dessert;Snacks,Rustic Bakery,Rustic Bakery,null,999,1,null,9999,null,null,null,null,Desserts,24,6,4,"Cookies, Brownies, Bars",3.25,4.5,1.25,3.25,null,M,null,,,,,
3221,Rustic Bakery Vanilla Bean Shortbread,,null,null,null,null,2.5,180,87,1469045973,1,0,Sweet Snacks & Dessert / Snacks,Rustic Bakery,Rustic Bakery,null,null,null,null,null,null,null,null,null,Desserts,null,null,null,null,null,null,null,null,null,M,null,,,,,
3222,Rustic Bakery - Vanilla Bean Shortbread,.,null,null,null,null,2.5,180,87,1510290115,1,0,Sweet Snacks & Dessert;Snacks,Rustic Bakery,Rustic Bakery,null,170,1,"organic wheat flour, butter, sugar, vallina, salt",170,2,7,20,9,Desserts,24,6,4,"Cookies, Brownies, Bars",3.25,4.5,1.25,3.25,null,M,null,,,,,
3266,Nona Lim Carrot Ginger Soup,,null,null,null,null,5.15,1,87,1447179461,1,0,soup,null,null,null,null,null,null,null,null,null,null,null,Soups & Salads,null,null,null,null,null,null,null,null,null,M,null,,,,,
3267,Nona Lim Thai Green Curry Soup,,null,null,null,null,6.15,1,87,1447179500,1,0,soup,null,null,null,null,null,null,null,null,null,null,null,Soups & Salads,null,null,null,null,null,null,null,null,null,M,null,,,,,
3268,Nona Lim Tomato Soup,,null,null,null,null,5.15,1,87,1447179549,1,0,soup,null,null,null,null,null,null,null,null,null,null,null,Soups & Salads,null,null,null,null,null,null,null,null,null,M,null,,,,,
3269,Nona Lim All Bean Chili,,null,null,null,null,5.15,1,87,1447179603,1,0,soup,null,null,null,null,null,null,null,null,null,null,null,Soups & Salads,null,null,null,null,null,null,null,null,null,M,null,,,,,
3270,Noble Spoon - Turkey Dinner,.,null,null,null,null,7.4,7,87,1449876476,1,0,entree;Reheatable Entree,The Noble Spoon,The Noble Spoon,null,999,1,null,999,null,null,null,null,Entrees,null,null,null,null,null,null,null,null,null,M,null,,,,,
3271,Noble Spoon - Szechwan Beef,.,null,null,null,null,7.4,7,87,1449256062,1,0,entree;Reheatable Entree,The Noble Spoon,The Noble Spoon,null,999,1,null,999,null,null,null,null,Entrees,null,null,null,null,null,null,null,null,null,M,null,,,,,
3303,Pad Thai Salad with Tofu,.,null,null,null,null,7.95,5,87,1494169449,1,0,Other Salad;Salads,Delicious!,Delicious!,null,999,1,null,9999,null,null,null,null,Soups & Salads,4,1,1,null,null,null,null,null,null,M,null,,,,,
3304,Pasta Palermo Salad with Garbanzo Beans,.,null,null,null,null,7.95,5,87,1494463737,1,0,Other Salad;Salads,Delicious!,Delicious!,null,999,1,null,9999,null,null,null,null,Soups & Salads,4,1,1,null,null,null,null,null,null,M,null,,,,,
3421,GT Kombucha - Gingerade,"Two of Nature’s strongest forces, fresh pressed Ginger and our organic & raw Kombucha, team up to cleanse, heal, and rebalance your system. Let Gingerade be your spicy secret weapon to take on the day!",null,null,null,null,3.99,42,87,1525733373,0,0,Kombucha;Drinks,GT Kombucha,Good Stuff,null,30,2,"GTs organic raw kombucha, organic fresh pressed ginger juice",30,0,2,7,0,Drinks,12,1,2,Probiotic Drink,2.5,7.75,2.5,2.5,1000,P,W,,,,,
3422,GT Kombucha - Trilogy,"Treat yourself to this tasty trifecta! Combining a special blend of tart Lemon, tangy Raspberry, and spicy Ginger with GT's organic & raw Kombucha, Trilogy will help you to maintain flow and feel refreshed – mind, body, and soul.",null,null,null,null,3.99,42,87,1525733373,0,0,Kombucha;Drinks,GT Kombucha,Good Stuff,null,30,2,"GT's organic raw kombucha, organic raspberry juice, organic lemon juice, organic fresh pressed ginger juice",35,0,2,7,0,Drinks,12,1,2,Probiotic Drink,2.5,7.75,2.5,2.5,1000,P,W,,,,,
3423,GT Kombucha - Multigreen,"G.T.'s Organic Raw Kombucha, Organic Turmeric, Organic Carrot, Organic Ginger",null,null,null,null,3.99,28,87,1510290114,1,0,Kombucha;Drinks,GT Kombucha,Good Stuff,null,35,2,"organic raw kombucha, blue-green algae, spirulina, chlorella",35,1,2,7,0,Drinks,12,1,2,Probiotic Drink,2.5,7.75,2.5,2.5,null,M,null,,,,,
3430,Banana Bam Bam Paleo Muffin,"Bananas, Almonds, Cage-Free Eggs, Blueberries, Coconut, Dates, Chia Seeds, Baking Soda, Vanilla Extract, Sea Salt",null,null,null,null,3.5,1,87,1449538952,1,0,snack,null,null,null,null,null,null,null,null,null,null,null,Breakfast,null,null,null,null,null,null,null,null,null,M,null,,,,,
3431,Yam Good Paleo Muffin,"Yams, Almonds, Cage-Free Eggs, Dates, Apples, Pecans, Ginger, Coconut Oil, Baking Soda, Spices, Flaxseed, Vanilla Extract, Sea Salt",null,null,null,null,3.5,1,87,1449538940,1,0,snack,null,null,null,null,null,null,null,null,null,null,null,Breakfast,null,null,null,null,null,null,null,null,null,M,null,,,,,
3432,24 Carrot Gold Paleo Muffin,"Almonds, Applesauce, Carrots, Dates, Raisins, Flaxseed, Ginger, Spices, Baking Soda, Vanilla Extract, Sea Salt",null,null,null,null,3.5,1,87,1449538922,1,0,snack,null,null,null,null,null,null,null,null,null,null,null,Snacks,null,null,null,null,null,null,null,null,null,M,null,,,,,
3434,Forager Nuts & Vanilla,.,null,null,null,null,6.99,21,87,1470190171,1,0,"drinks;Juice, Smoothies & Blends",Forager,Forager,null,999,1,null,999,null,null,null,null,Drinks,null,null,null,null,null,null,null,null,null,M,null,,,,,
3435,Forager Greens & Apple,.,null,null,null,null,6.99,21,87,1470190157,1,0,"drinks;Juice, Smoothies & Blends",Forager,Forager,null,999,1,null,999,null,null,null,null,Drinks,null,null,null,null,null,null,null,null,null,M,null,,,,,
3436,Forager Roots,.,null,null,null,null,6.99,21,87,1470190141,1,0,"drinks;Juice, Smoothies & Blends",Forager,Forager,null,999,1,null,999,null,null,null,null,Drinks,null,null,null,null,null,null,null,null,null,M,null,,,,,
3445,Odwalla - Odwalla Strawberry C Monster,.,null,null,null,null,3.89,90,87,1517533993,0,0,"Juice, Smoothies & Blends;Drinks",Odwalla,Odwalla,null,240,1,"orange and apple juices from concentrate, strawberry purée from concentrate, banana purée, concord grape juice from concentrate, less than 05% of: natural flavors, vitamin c (ascorbic acid), fruit and vegetable juice (for color), lemon juice concentrate (for tartness), rose hips, pectin and gellan gum",240,1,48,58,0,Drinks,8,1,2,Smoothies & Yogurt Drinks,2.5,7,2.5,2.5,1000,P,null,,,,,
3451,Farm Hill Entrees,.,null,null,null,null,12,2,87,1463010517,1,0,entree;Reheatable Entree,Farm Hill,Farm Hill,null,999,1,null,999,null,null,null,null,Entrees,null,null,null,null,null,null,null,null,null,M,null,,,,,
3453,Mixt Greens - Rooster Sandwich,"grilled chicken, seasonal apple, sharp cheddar, basil pesto, arugula, aïoli, on an herb slab",null,null,null,null,10.95,2,87,1478024983,1,0,sandwiches & wraps / sandwiches,,,null,0,0,null,0,null,null,null,null,Sandwiches & Wraps,null,null,null,null,null,null,null,null,null,M,null,,,,,
3455,Sprogs - Bacon & Egg bites,.,null,null,null,null,2.95,8,87,1449876745,1,0,snacks;Vegetables and healthy snacks,Sprogs,Sprogs,null,999,1,null,999,null,null,null,null,Snacks,null,null,null,null,null,null,null,null,null,M,null,,,,,
3456,Sprogs - Kale & Kimchi bites,.,null,null,null,null,2.95,8,87,1449876756,1,0,snacks;Vegetables and healthy snacks,Sprogs,Sprogs,null,999,1,null,999,null,null,null,null,Snacks,null,null,null,null,null,null,null,null,null,M,null,,,,,
3457,Sprogs - Teriyaki Chicken bites,.,null,null,null,null,2.95,8,87,1449876777,1,0,snacks;Vegetables and healthy snacks,Sprogs,Sprogs,null,999,1,null,999,null,null,null,null,Snacks,null,null,null,null,null,null,null,null,null,M,null,,,,,
3458,Vegetarian Cobb Salad,.,null,null,null,null,7.95,5,87,1469587714,1,0,Lettuce & Vegetable Salad;salads,Delicious!,Delicious!,null,999,1,null,999,null,null,null,null,Soups & Salads,null,null,null,null,null,null,null,null,null,M,null,,,,,
3459,Mixt Greens - Cowboy Salad,"romaine hearts, grilled chicken, roasted red pepper, black beans, sharp cheddar, scallions, point reyes blue cheese dressing with a chipotle honey drizzle",null,null,null,null,10.95,2,87,1478025017,1,0,lettuce & vegetable salad / sal,,,null,0,0,null,0,null,null,null,null,Soups & Salads,null,null,null,null,null,null,null,null,null,M,null,,,,,
3528,Boba Guys - Classic Milk Tea,"We use only the finest ingreadients: premium loose leaf teas, straus family organic milk, and our own housemade syrup. Just making our moms proud.",null,null,null,null,4.99,8,87,1524454848,0,0,Tea;Drinks,Boba Guys,Boba Guys,null,999,1,"black tea, straus organic whole milk, cane sugar",212,4,42,42,4,Drinks,1,1,2,Iced Coffee,null,null,null,null,500,P,V,,,,,
3529,Boba Guys - Jasmine Milk Tea,"We use only the finest ingreadients: premium loose leaf teas, straus family organic milk, and our own housemade syrup. Just making our moms proud.",null,null,null,null,4.99,8,87,1524454848,0,0,Tea;Drinks,Boba Guys,Boba Guys,null,999,1,"Jasmine Green Tea, Straus Organic Whole Milk, Cane Sugar",212,4,42,42,4,Drinks,1,1,2,Iced Coffee,null,null,null,null,500,P,V,,,,,
3541,Noble Spoon - Chicken Picatta,.,null,null,null,null,7.4,7,87,1452015989,1,0,entree;Reheatable Entree,The Noble Spoon,The Noble Spoon,null,999,1,null,999,null,null,null,null,Entrees,null,null,null,null,null,null,null,null,null,M,null,,,,,
3542,Noble Spoon - Campanelle Bolognese,.,null,null,null,null,7.4,7,87,1451936010,1,0,entree;Reheatable Entree,The Noble Spoon,The Noble Spoon,null,999,1,null,999,null,null,null,null,Entrees,null,null,null,null,null,null,null,null,null,M,null,,,,,
3543,Noble Spoon - Mexican Pot Roast,.,null,null,null,null,7.4,7,87,1451935416,1,0,entree;Reheatable Entree,The Noble Spoon,The Noble Spoon,null,999,1,null,999,null,null,null,null,Entrees,null,null,null,null,null,null,null,null,null,M,null,,,,,
3544,Noble Spoon - Chicken Carbonara,.,null,null,null,null,7.4,7,87,1451935453,1,0,entree;Reheatable Entree,The Noble Spoon,The Noble Spoon,null,999,1,null,999,null,null,null,null,Entrees,null,null,null,null,null,null,null,null,null,M,null,,,,,
3545,Matcha Love,.,null,null,null,null,1.99,180,87,1469123096,1,0,drinks;tea,Matcha Love,Good Stuff,null,999,1,null,999,null,null,null,null,Drinks,null,null,null,null,null,null,null,null,null,M,null,,,,,
3546,Hint Water - Blackberry,,null,null,null,null,1.95,180,87,1452029492,1,0,Other Beverage / Drinks,Hint,UNFI,null,null,null,null,null,null,null,null,null,Drinks,null,null,null,null,null,null,null,null,null,M,null,,,,,
3547,Hint Water - Watermelon,,null,null,null,null,1.95,180,87,1452029498,1,0,Other Beverage / Drinks,Hint,UNFI,null,null,null,null,null,null,null,null,null,Drinks,null,null,null,null,null,null,null,null,null,M,null,,,,,
3548,California Grilled Chicken Salad,,null,null,null,null,7.5,2,87,1456192673,1,0,salad,,null,null,null,null,null,null,null,null,null,null,Soups & Salads,null,null,null,null,null,null,null,null,null,M,null,,,,,
3549,Chicken Bento with Dessert,,null,null,null,null,5.95,2,87,1453840110,1,0,entree,,null,null,null,null,null,null,null,null,null,null,Entrees,null,null,null,null,null,null,null,null,null,M,null,,,,,
3552,Tea's Tea - Organic Unsweetened Black Tea,,null,null,null,null,1.99,30,87,1452550665,1,0,drinks,,null,null,null,null,null,null,null,null,null,null,Drinks,null,null,null,null,null,null,null,null,null,M,null,,,,,
3553,Tea's Tea - Unsweetened Green Jasmine,,null,null,null,null,1.99,30,87,1452550747,1,0,drinks,,null,null,null,null,null,null,null,null,null,null,Drinks,null,null,null,null,null,null,null,null,null,M,null,,,,,
3554,Tea's Tea - Peach Ginger Black Tea,,null,null,null,null,1.99,30,87,1452550810,1,0,drinks,,null,null,null,null,null,null,null,null,null,null,Drinks,null,null,null,null,null,null,null,null,null,M,null,,,,,
3597,Urban Remedy - Soothe,.,null,null,null,null,9,14,87,1463017508,1,0,"drinks;Juice, Smoothies & Blends",Urban Remedy,Urban Remedy,null,999,1,null,999,null,null,null,null,Drinks,null,null,null,null,null,null,null,null,null,M,null,,,,,
3599,Nicoise Salad,.,null,null,null,null,8.25,5,87,1494169450,1,0,Other Salad;Salads,Delicious!,Delicious!,null,999,1,null,9999,null,null,null,null,Soups & Salads,4,1,1,null,null,null,null,null,null,M,null,,,,,
3609,Banzo Kale and Quinoa Salad,"Organic Kale, Red Quinoa, Assorted Bell Peppers, Red Onions, Red Cabbage, Organic Parsley. Dressing: Balsamic Vinegar, Organic Garlic, Extra Virgin Olive Oil, Salt, Spices.",null,null,null,null,6.99,7,87,1476730726,1,0,"Sandwiches & Wraps;Sandwiches, Wraps & Burritos",Banzo,Banzo,null,999,1,"Organic Kale, Red Quinoa, Assorted Bell Peppers, Red Onions, Red Cabbage, Organic Parsley. Dressing: Balsamic Vinegar, Organic Garlic, Extra Virgin Olive Oil, Salt, Spices.",999,null,null,null,null,Sandwiches & Wraps,null,null,null,null,null,null,null,null,null,M,null,,,,,
3610,Tofu Fritatta,.,null,null,null,null,7.9,14,87,1469587440,1,0,entree;Reheatable Entree,Nirvana Kitchen,Nirvana Kitchen,null,999,1,null,999,null,null,null,null,Entrees,null,null,null,null,null,null,null,null,null,M,null,,,,,
3611,World Soups Chicken Pho,.,null,null,null,null,6.5,30,87,1469587270,1,0,Soup and Stew;soups,World Soups,World Soups,null,999,1,null,999,null,null,null,null,Soups & Salads,null,null,null,null,null,null,null,null,null,M,null,,,,,
3612,World Soups Beef Pho,.,null,null,null,null,6.5,30,87,1469587359,1,0,Soup and Stew;soups,World Soups,World Soups,null,999,1,null,999,null,null,null,null,Soups & Salads,null,null,null,null,null,null,null,null,null,M,null,,,,,
3613,World Soups Egg Noodle Soup,.,null,null,null,null,6.5,30,87,1469587310,1,0,Soup and Stew;soups,World Soups,World Soups,null,999,1,null,999,null,null,null,null,Soups & Salads,null,null,null,null,null,null,null,null,null,M,null,,,,,
3615,Shakti Coconut Meal,,null,null,null,null,9.25,1,87,1453754956,1,0,entree,,null,null,null,null,null,null,null,null,null,null,Entrees,null,null,null,null,null,null,null,null,null,M,null,,,,,
3616,Shakti 7 Veggie Meal,,null,null,null,null,9.25,1,87,1453754996,1,0,entree,,null,null,null,null,null,null,null,null,null,null,Entrees,null,null,null,null,null,null,null,null,null,M,null,,,,,
3617,Shakti Ayurveda Meal,,null,null,null,null,9.25,1,87,1453755028,1,0,entree,,null,null,null,null,null,null,null,null,null,null,Entrees,null,null,null,null,null,null,null,null,null,M,null,,,,,
3653,Pop and Bottle - Iced Coffee,.,null,null,null,null,4.99,20,87,1505197582,1,0,Coffee;Drinks,Pop and Bottle,Pop and Bottle,null,130,1,"organic almond milk (water, organic almonds), organic dates, organic cold brew coffee(water, organic coffee beans), pink himalayan salt",130,4,13,17,7,Drinks,6,1,2,Iced Coffee,null,null,null,null,null,M,null,,,,,
3654,Pop and Bottle - Vanilla Bean Almond Milk,"100% pure, organic and abundant in almonds, delicately sweetened with organic dates. Shake well before drinking.",null,null,null,null,3.99,42,87,1516320926,1,0,"Juice, Smoothies & Blends;Drinks",Pop and Bottle,Pop and Bottle,null,150,1,"organic almond milk (water, organic almonds), organic dates, organic vanilla bean extract, pink himalayan salt",150,4,13,21,7,Drinks,6,1,2,Milk,null,null,null,null,null,M,null,,,,,
3655,Pop and Bottle - Cacao Almond Milk,.,null,null,null,null,4.99,20,87,1505197582,1,0,"Juice, Smoothies & Blends;Drinks",Pop and Bottle,Pop and Bottle,null,140,1,"organic almond milk (water, organic almonds), organic dates, organic cocoa powder pink himalayan salt",140,4,13,19,7,Drinks,6,1,2,Milk,null,null,null,null,null,M,null,,,,,
3717,Living Apothecary Red Raspberry Leaf Ginger,.,null,null,null,null,3.99,50,87,1469629103,1,0,drinks;Kombucha,Living Apothecary,Living Apothecary,null,999,1,null,999,null,null,null,null,Drinks,null,null,null,null,null,null,null,null,null,M,null,,,,,
3718,Living Apothecary Honeysuckle Nectarine,.,null,null,null,null,3.99,50,87,1469629130,1,0,drinks;Kombucha,Living Apothecary,Living Apothecary,null,999,1,null,999,null,null,null,null,Drinks,null,null,null,null,null,null,null,null,null,M,null,,,,,
3719,Living Apothecary Hibiscus Apricot,.,null,null,null,null,3.99,50,87,1469629219,1,0,drinks;Kombucha,Living Apothecary,Living Apothecary,null,999,1,null,999,null,null,null,null,Drinks,null,null,null,null,null,null,null,null,null,M,null,,,,,
3721,Little Green Cyclo Chicken Banh Mi,.,null,null,null,null,7.99,7,87,1469629367,1,0,"Sandwiches & Wraps;Sandwiches, Wraps & Burritos",Little Green Cyclo,Little Green Cyclo,null,999,1,null,999,null,null,null,null,Sandwiches & Wraps,null,null,null,null,null,null,null,null,null,M,null,,,,,
3722,Little Green Cyclo Papaya Salad,.,null,null,null,null,8,7,87,1469629478,1,0,Other Salad;salads,Little Green Cyclo,Little Green Cyclo,null,999,1,null,999,null,null,null,null,Soups & Salads,null,null,null,null,null,null,null,null,null,M,null,,,,,
3723,Little Green Cyclo Vermicelli (Rice Noodle) Salad,.,null,null,null,null,8,7,87,1469629564,1,0,Other Salad;salads,Little Green Cyclo,Little Green Cyclo,null,999,1,null,999,null,null,null,null,Soups & Salads,null,null,null,null,null,null,null,null,null,M,null,,,,,
3735,Project Juice Soba Protein Noodles,.,null,null,null,null,10.95,4,87,1469644906,1,0,Other Salad;salads,Project Juice,Project Juice,null,999,1,null,999,null,null,null,null,Soups & Salads,null,null,null,null,null,null,null,null,null,M,null,,,,,
3736,Project Juice Roasted Veggie Salad,.,null,null,null,null,11.95,4,87,1470189527,1,0,Other Salad;salads,Project Juice,Project Juice,null,999,1,null,999,null,null,null,null,Soups & Salads,null,null,null,null,null,null,null,null,null,M,null,,,,,
3737,Project Juice Green Lemon,.,null,null,null,null,9,21,87,1494169450,1,0,"Juice, Smoothies & Blends;Drinks",Project Juice,Project Juice,null,110,1,"kale, romaine, spinach, celery, cucumber, green apple, lemon",110,2,16,26,0,Drinks,1,1,1,null,null,null,null,null,null,M,null,,,,,
3738,Project Juice Master,.,null,null,null,null,7,21,87,1469630079,1,0,"drinks;Juice, Smoothies & Blends",Project Juice,Project Juice,null,50,1,null,50,null,null,null,null,Drinks,null,null,null,null,null,null,null,null,null,M,null,,,,,
3739,Project Juice Immunity,.,null,null,null,null,9,21,87,1480605315,1,0,"drinks;Juice, Smoothies & Blends",Project Juice,Project Juice,null,170,1,"Orange, Grapefruit, Lemon, Ginger, Cayenne.",170,4,16,21,0,Drinks,null,null,null,null,null,null,null,null,null,M,null,,,,,
3755,Pop and Bottle Chai Spice Almond Milk,.,null,null,null,null,4.99,20,87,1494779599,1,0,"Juice, Smoothies & Blends;Drinks",Pop and Bottle,Pop and Bottle,null,999,1,"organic almonds, organic medjool date, organic cinnamon, organic cardamom, organic ginger, organic turmeric, pink himalayan salt, vanilla bean + purified water",9999,null,null,null,null,Drinks,6,1,2,null,null,null,null,null,null,M,null,,,,,
3756,Little Green Cyclo Pork Banh Mi,.,null,null,null,null,7.99,7,87,1469630348,1,0,"Sandwiches & Wraps;Sandwiches, Wraps & Burritos",Little Green Cyclo,Little Green Cyclo,null,999,1,null,999,null,null,null,null,Sandwiches & Wraps,null,null,null,null,null,null,null,null,null,M,null,,,,,
3799,Banzo Asparagus Mushroom Stew,*Veg,null,null,null,null,7.25,9,87,1476730597,1,0,Soup and Stew;soups,Banzo,Banzo,null,999,1,null,999,null,null,null,null,Soups & Salads,null,null,null,null,null,null,null,null,null,M,null,,,,,
3800,Project Juice Caesar Salad,.,null,null,null,null,8.95,4,87,1469644473,1,0,Lettuce & Vegetable Salad;salads,Project Juice,Project Juice,null,999,1,null,999,null,null,null,null,Soups & Salads,null,null,null,null,null,null,null,null,null,M,null,,,,,
3801,Project Juice Quinoa Protein Oats,"Quinoa. GF Oats, Chia Seeds, Almond Mylk, Candied Walnuts, Maple Syrup, Vanilla - Gluten Free / Vegan / Dairy Free",null,null,null,null,6.95,4,87,1469630964,1,0,snacks;Sweet Snacks & Dessert,Project Juice,Project Juice,null,999,1,"Quinoa, GF Oats, Chia Seeds, Almond Milk, Candied Walnuts, Maple Syrup, Vanilla.",999,null,null,null,null,Desserts,null,null,null,null,null,null,null,null,null,M,null,,,,,
3802,Project Juice Acai Chia Pudding,.,null,null,null,null,6.95,4,87,1463013570,1,0,snacks;Sweet Snacks & Dessert,Project Juice,Project Juice,null,999,1,null,999,null,null,null,null,Desserts,null,null,null,null,null,null,null,null,null,M,null,,,,,
3803,Yogurt Parfait,.,null,null,null,null,5.5,5,87,1469631235,1,0,snacks;Yogurt & Dairy,Delicious!,Delicious!,null,999,1,null,999,null,null,null,null,Breakfast,null,null,null,null,null,null,null,null,null,M,null,,,,,
3804,Yogurt Parfait with Blueberry,.,null,null,null,null,5.5,5,87,1469631351,1,0,snacks;Yogurt & Dairy,Delicious!,Delicious!,null,999,1,null,999,null,null,null,null,Breakfast,null,null,null,null,null,null,null,null,null,M,null,,,,,
3813,TOAK - Pomegranate Acai White Tea,.,null,null,null,null,2.99,365,87,1516745055,1,0,Tea;Drinks,TOAK,UNFI,null,0,1,null,0,0,0,0,0,Drinks,12,1,2,Tea,null,null,null,null,null,M,null,,,,,
3814,TOAK - Peach Ginger Black Tea,.,null,null,null,null,2.99,365,87,1516745055,1,0,Tea;Drinks,TOAK,UNFI,null,0,2,"water, brewed black tea, natural flavor, citric acid, monk fruit, reb-a (stevia) ascorbic acid (vitamin c)",0,0,0,0,0,Drinks,12,1,2,Tea,null,null,null,null,null,M,null,,,,,
3815,Sonoma Muffin - Breakfast Burrito with Bacon,.,null,null,null,null,6.99,9,87,1524454849,0,0,"Breakfast Burritos, Sandwiches & Wraps;Sandwiches, Wraps & Burritos",Sonoma Muffin,Sonoma Muffin,null,550,1,"cooked potaoes, scrambled eggs, flour tortilla, cheese (cheddar, monterey jack) powdered cellulose, potato starch or corn starch, diced bacon",550,25,2,39,31,Breakfast,12,1,3,Breakfast Burritos_Meat,3,6,3,3,2000,P,W,,,,,
3816,Sonoma Muffin - Breakfast Burrito with Sausage,* Spicy,null,null,null,null,6.99,9,87,1524454849,0,0,"Breakfast Burritos, Sandwiches & Wraps;Sandwiches, Wraps & Burritos",Sonoma Muffin,Sonoma Muffin,null,530,1,"cooked potaoes, scrambled eggs, flour tortilla, cheese (cheddar, monterey jack) picante sauce, , crushed red chilli, powdered cellulose, potato starch or corn starch, sausage",530,23,2,39,30,Breakfast,12,1,3,Breakfast Burritos_Meat,3,6,3,3,2000,P,W,,,,,
3817,Guayaki - Mint Organic Yerba Mate,.,null,null,null,null,2.99,180,87,1504452066,1,0,Tea;Drinks,Guayaki,Morris Distributing,null,50,1,"purified water, organic cane sugar, organic lemon juice and citric acid",50,0,10,10,0,Drinks,12,1,2,Tea,2.5,7.25,2.5,2.5,null,M,null,,,,,
3818,Guayaki - Raspberry Organic Yerba Mate,.,null,null,null,null,2.99,180,87,1504452066,1,0,Tea;Drinks,Guayaki,Morris Distributing,null,60,1,"purified water, organic cane sugar, organic rasberry juice concentrate,organic cranberry concentrate, natural flavor and citric acid",60,0,12,12,0,Drinks,12,1,2,Tea,2.5,7.25,2.5,2.5,null,M,null,,,,,
3819,Guayaki - Pomegranate Organic Yerba Mate,.,null,null,null,null,2.99,180,87,1504452066,1,0,Tea;Drinks,Guayaki,Morris Distributing,null,999,2,null,55,0,13,13,0,Drinks,12,1,2,Tea,2.5,7.25,2.5,2.5,null,M,null,,,,,
3821,Chinese Salad with Tofu,.,null,null,null,null,7.95,5,87,1469734866,1,0,Lettuce & Vegetable Salad;salads,Delicious!,Delicious!,null,999,1,null,999,null,null,null,null,Soups & Salads,null,null,null,null,null,null,null,null,null,M,null,,,,,
3858,The Town Kitchen - Town Kitchen Weekly Special Entree,"Ancho Chile Beef Burrito Bowl w/ Shredded Cheddar, Corn, Olives & Avocado-Lime Dressing",null,null,null,null,7.25,4,87,1505197581,1,0,Ready-to-Eat Entree;Entrees,The Town Kitchen,The Town Kitchen,null,999,1,null,9999,null,null,null,null,Entrees,1,1,1,Entree_Meat,null,null,null,null,null,M,null,,,,,
3859,The Town Kitchen - Town Kitchen Weekly Special Salad,"Winter Spinach Salad w/ Feta, Cranberries, Poached Pear, Pickled Onions, Cucumber & Honey Orange Dressing",null,null,null,null,5.99,4,87,1510290115,1,0,Lettuce & Vegetable Salad;Salads,The Town Kitchen,The Town Kitchen,null,999,1,null,9999,null,null,null,null,Soups & Salads,1,1,1,Salads_Meat,7.25,6.5,2,6.5,null,M,null,,,,,
3860,Crudites with Hummus,.,null,null,null,null,4.2,5,87,1494169449,1,0,Vegetables and healthy snacks;Snacks,Delicious!,Delicious!,null,999,1,null,9999,null,null,null,null,Snacks,6,1,2,null,null,null,null,null,null,M,null,,,,,
3876,Project Juice Spring Rolls,.,null,null,null,null,8.95,4,87,1469735596,1,0,snacks;Vegetables and healthy snacks,Project Juice,Project Juice,null,999,1,null,999,null,null,null,null,Snacks,null,null,null,null,null,null,null,null,null,M,null,,,,,
3877,Rustic Bakery - Sourdough Baguette with Ham and Brie,"Zoe's Smoked Ham, Marin French Brie Cheese, Strauss Organic Butter on a Rustic Bakery Sourdough Baguette Roll",null,null,null,null,6.75,7,87,1494169450,1,0,"Sandwiches & Wraps;Sandwiches, Wraps & Burritos",Rustic Bakery,Rustic Bakery,null,999,1,"smoked ham, marin french brie cheese, strauss organic butter,  sourdough baguette roll",9999,null,null,null,null,Sandwiches & Wraps,1,1,3,null,null,null,null,null,null,M,null,,,,,
3878,Rustic Bakery - Breakfast Panini with Organic Eggs Ham & Cheese,"Scrambled Organic Eggs, Zoe's Smoked Ham, Provolone & Gruyere Cheese on a Rustic Bakery Focaccia Roll",null,null,null,null,6.99,7,87,1522797353,1,0,"Breakfast Burritos, Sandwiches & Wraps;Sandwiches, Wraps & Burritos",Rustic Bakery,Rustic Bakery,null,999,1,"scrambled organic eggs, smoked ham, provolone & gruyere cheese focaccia roll",580,29,0,57,26,Breakfast,1,1,3,Breakfast Sandwiches_Meat,5,2.5,4.5,2.5,500,P,V,,,,,
3894,Little Green Cyclo Cabbage Salad with Eggplant,.,null,null,null,null,8,7,87,1469736105,1,0,Lettuce & Vegetable Salad;salads,Little Green Cyclo,Little Green Cyclo,null,999,1,null,999,null,null,null,null,Soups & Salads,null,null,null,null,null,null,null,null,null,M,null,,,,,
3903,The Town Kitchen - Town Kitchen Weekly Special Sandwich,"Farmers' Sando w/ Roasted Mushroom, Basil Aioli, Mozzarella, Arugula",null,null,null,null,5.99,4,87,1510290115,1,0,"Sandwiches & Wraps;Sandwiches, Wraps & Burritos",The Town Kitchen,The Town Kitchen,null,999,1,"telera bread, squash, mushroom, bell pepper, eggplant, mozzerella, arugula, balsamic, basil, mayo, egg, olive oil, salt, pepper",9999,null,null,null,null,Sandwiches & Wraps,1,1,1,Other Sandwiches,7.25,6.5,2.5,6.5,null,M,null,,,,,
3904,The Town Kitchen - Town Kitchen Weekly Special Vegetarian Sandwich,"Seared Falafel Burger w/ Dill Tzatziki, Cucumber Slaw & Pickled Onions",null,null,null,null,6.75,4,87,1505197581,1,0,"Sandwiches & Wraps;Sandwiches, Wraps & Burritos",The Town Kitchen,The Town Kitchen,null,999,1,null,9999,null,null,null,null,Sandwiches & Wraps,1,1,1,Entree_Veg,7.25,6.5,2.5,6.5,null,M,null,,,,,
3916,Odwalla - Odwalla Vanilla Protein,.,null,null,null,null,3.89,90,87,1517533993,0,0,"Juice, Smoothies & Blends;Drinks",Odwalla,Odwalla,null,370,1,"soymilk (water and soybeans), filtered water, cane sugar, milk protein concentrate, isolated soy protein, less than 2% of: vanilla extract, tricalcium phosphate, carrageenan, sea salt, agar, zinc gluconate, vitamin b6 (pyridoxine hydrochloride) and vitamin b12 (cyanocobalamin)",370,32,43,46,6,Drinks,8,1,2,Smoothies & Yogurt Drinks,2.5,7,2.5,2.5,1000,P,null,,,,,
3925,BOXiChef - Chicken Banh Mi Sandwich,Seasoned Mary's Free Range Chicken and Pickled Carrots on Sliced Sourdough,null,null,null,null,9.25,4,87,1470634472,1,0,"Sandwiches & Wraps;Sandwiches, Wraps & Burritos",BOXiChef,BOXiChef,null,999,1,"Free Range Chicken, Pickled Carrots, Sliced Sourdough.",999,null,null,null,null,Sandwiches & Wraps,null,null,null,null,null,null,null,null,null,M,null,,,,,
3926,BOXiChef - Prosciutto Caprese Sandwich,"Prosciutto, Fresh Mozzarella, Tomato, Pesto on Sliced Sourdough",null,null,null,null,9.25,4,87,1470634621,1,0,"Sandwiches & Wraps;Sandwiches, Wraps & Burritos",BOXiChef,BOXiChef,null,999,1,"Prosciutto, Fresh Mozzarella, Tomato, Pesto, Sourdough.",999,null,null,null,null,Sandwiches & Wraps,null,null,null,null,null,null,null,null,null,M,null,,,,,
3927,BOXiChef - Veggie Sandwich,"Mixed vegetables, provolone cheese, pesto spread on sliced sourdough *Veg",null,null,null,null,9,4,87,1470634451,1,0,"Sandwiches & Wraps;Sandwiches, Wraps & Burritos",BOXiChef,BOXiChef,null,999,1,"Mixed vegetables, Provolone Cheese, Pesto Spread, Sourdough.",999,null,null,null,null,Sandwiches & Wraps,null,null,null,null,null,null,null,null,null,M,null,,,,,
3929,Boulder Organic - Roasted Basil Tomato Soup,.,null,null,null,null,7.99,60,87,1470188823,1,0,Soup and Stew;soups,Boulder Organic,UNFI,null,999,1,null,999,null,null,null,null,Soups & Salads,null,null,null,null,null,null,null,null,null,M,null,,,,,
3930,Boulder Organic - Carrot Ginger with Coconut,.,null,null,null,null,7.99,60,87,1470188804,1,0,Soup and Stew;soups,Boulder Organic,UNFI,null,999,1,null,999,null,null,null,null,Soups & Salads,null,null,null,null,null,null,null,null,null,M,null,,,,,
3931,Boulder Organic - Cuban Black Bean Soup,.,null,null,null,null,7.99,60,87,1470188774,1,0,Soup and Stew;soups,Boulder Organic,UNFI,null,999,1,null,999,null,null,null,null,Soups & Salads,null,null,null,null,null,null,null,null,null,M,null,,,,,
3932,Califia Farms - Dirty Chai Iced Coffee with Almond Milk,"Cold Brew and Almondmilk with Sweet, Spicy Chai",null,null,null,null,3.5,90,87,1504452067,1,0,Coffee;Drinks,Califia Farms,UNFI,null,110,1,"coffee*(filtered water, coffee extract) almondmilk (filtered water, almonds) tea (water, black tea extract, darjeeling tea extract) pure cane sugar, cocoa powder (processed with alkkali) ginger, calcium carbonate, gellan gum, locust bean gum, potassium citrate, natural flavors, sunflower lecithin, sea salt,",110,2,13,17,4,Drinks,8,1,2,Iced Coffee,null,null,null,null,null,M,null,,,,,
3933,Califia Farms - XX Espresso Pure Iced Coffee with Almond Milk,Cold brew coffee with a double dose of caffeine and almond milk,null,null,null,null,3.99,90,87,1516745055,1,0,Coffee;Drinks,Califia Farms,UNFI,null,110,1,"coffee*(filtered water, coffee extract) almondmilk (filtered water, almonds) pure cane sugar, cocoa powder (processed with alkkali) vitamins/minerals blend [vitamin a, vitamin e, vitamin d2, vitamin b2, vitamin b12, zinc sulfate, calcium carbonate, gellan gum, locust bean gum, potassium citrate, natural flavors, sunflower lecithin, sea salt,",110,2,13,17,4.5,Drinks,8,1,2,Iced Coffee,null,null,null,null,null,M,null,,,,,
3934,Califia Farms - Cocoa Noir Iced Coffee with Almond Milk,"Cold Brew Coffee, double dark chocolate, and creamy smooth Almondmilk",null,null,null,null,3.99,90,87,1516745055,1,0,Coffee;Drinks,Califia Farms,UNFI,null,120,1,"coffee*(filtered water, coffee extract) almondmilk (filtered water, almonds) pure cane sugar, cocoa powder (processed with alkkali) vitamins/minerals blend [vitamin a, vitamin e, vitamin d2, vitamin b2, vitamin b12, zinc sulfate, calcium carbonate, gellan gum, locust bean gum, potassium citrate, natural flavors, sunflower lecithin, sea salt,",120,2,16,22,4.5,Drinks,8,1,2,Iced Coffee,null,null,null,null,null,M,null,,,,,
3947,The Town Kitchen - Town Kitchen Weekly Special Wrap,"Chicken Fajita Wrap w/ Chipotle Black Beans, Caramelized Onions, & Roasted Peppers",null,null,null,null,5.99,4,87,1505197581,1,0,"Sandwiches & Wraps;Sandwiches, Wraps & Burritos",The Town Kitchen,The Town Kitchen,null,999,1,null,9999,null,null,null,null,Sandwiches & Wraps,1,1,1,Burritos and Wraps_Meat,2.25,7.5,2.25,2.25,null,M,null,,,,,
3948,Rustic Bakery - Crostini with Fromage Blanc,Rustic Bakery Cranberry Pecan Pan Forte with Cowgirl Creamery Fromage Blanc,null,null,null,null,4.25,14,87,1494169450,1,0,Sweet Snacks & Dessert;Snacks,Rustic Bakery,Rustic Bakery,null,999,1,"cranberry, pecan, fromage blanc",9999,null,null,null,null,Snacks,1,1,1,null,null,null,null,null,null,M,null,,,,,
3949,Rustic Bakery - Whole Grain Flatbread with Chickpea Lemon Hummus,Rustic Bakery Whole Grain Flatbread Crackers with Chickpea Meyer Lemon Hummus,null,null,null,null,4.25,14,87,1494169449,1,0,Vegetables and healthy snacks;Snacks,Rustic Bakery,Rustic Bakery,null,999,1,"flatbread crackers, chickpea, meyer lemon, hummus",9999,null,null,null,null,Snacks,1,1,1,null,null,null,null,null,null,M,null,,,,,
3950,Slingshot - Blueberry,.,null,null,null,null,4.79,30,87,1526426647,0,0,Yogurt & Dairy;Snacks,SlingShot,SlingShot,null,332,1,"(drink) lowfat milk, spinach, pineapple juice concentrate, milk protein concentrate, water, natural flavors, ginger extract, fruit and vegetable juice for color, turmeric, lemon juice concentrate (shot) toasted oats, chia seeds, almond bits, honey, sunflower oil",332,18,32,41,10,Breakfast,6,1,2,Yogurt,2.75,6,2.75,2.75,1000,P,W,,,,,
3952,TestPic,,null,null,null,null,1,1,87,1460433840,1,0,null,,null,null,null,null,null,null,null,null,null,null,Snacks,null,null,null,null,null,null,null,null,null,M,null,,,,,
3953,TestPic2,,null,null,null,null,1,1,87,1460433972,1,0,null,,null,null,null,null,null,null,null,null,null,null,Snacks,null,null,null,null,null,null,null,null,null,M,null,,,,,
3954,BOXiChef - Pear and Brie Baguette,"Pear, Brie, Arugula on French Roll *Vegetarian",null,null,null,null,9,4,87,1470634574,1,0,"Sandwiches & Wraps;Sandwiches, Wraps & Burritos",BOXiChef,BOXiChef,null,999,1,"Pear, Brie, Arugula, French Roll.",999,null,null,null,null,Sandwiches & Wraps,null,null,null,null,null,null,null,null,null,M,null,,,,,
3955,BOXiChef - Roast Beef and Blue Cheese,"Niman Ranch All Natural Roast Beef, Crumbled Blue Cheese, Arugula on Sliced Sourdough",null,null,null,null,9.25,4,87,1470634638,1,0,"Sandwiches & Wraps;Sandwiches, Wraps & Burritos",BOXiChef,BOXiChef,null,999,1,"All Natural Roast Beef, Blue Cheese, Arugula, Sourdough.",999,null,null,null,null,Sandwiches & Wraps,null,null,null,null,null,null,null,null,null,M,null,,,,,
3956,BOXiChef - Chicken Chimichurri Sandwich,"Mary's Free Range Chicken Breast, Roasted Peppers and Chimichurri Aioli on Sliced Sourdough",null,null,null,null,9.25,4,87,1470634486,1,0,"Sandwiches & Wraps;Sandwiches, Wraps & Burritos",BOXiChef,BOXiChef,null,999,1,"Range Chicken Breast, Roasted Peppers, Chimichurri Aioli, Sourdough.",999,null,null,null,null,Sandwiches & Wraps,null,null,null,null,null,null,null,null,null,M,null,,,,,
3962,Justin's - Pretzels with Almond Butter,Lightly salted pretzel sticks with Justin's Classic Almond Butter (v),null,null,null,null,2.99,365,87,1470188415,1,0,snacks;Sweet Snacks & Dessert,Justin's,UNFI,null,999,1,"Almond Butter, Pretzel, Salt.",999,null,null,null,null,Desserts,null,null,null,null,null,null,null,null,null,M,null,,,,,
3963,Justin's - Pretzels with Maple Almond Butter,Lightly salted pretzels with maple-almond butter. (v),null,null,null,null,2.99,365,87,1470188398,1,0,snacks;Sweet Snacks & Dessert,Justin's,UNFI,null,999,1,"Mapple Almond Butter, Pretzel, Salt.",999,null,null,null,null,Desserts,null,null,null,null,null,null,null,null,null,M,null,,,,,
3964,Justin's - Pretzels with Hazelnut Almond Butter,Lightly salted pretzel sticks with Justin's Chocolate Hazelnut Butter (v),null,null,null,null,2.99,365,87,1470188366,1,0,snacks;Sweet Snacks & Dessert,Justin's,UNFI,null,999,1,"Chocolate Hazelnut Butter, Pretzel, Salt.",999,null,null,null,null,Desserts,null,null,null,null,null,null,null,null,null,M,null,,,,,
3965,Chameleon - Chameleon Cold Brew,Original black cold-brew with notes of cocoa and toffee. Contains caffeine.,null,null,null,null,4.99,90,87,1516320926,1,0,Coffee;Drinks,Chameleon,UNFI,null,0,1,"filtered (texas hill country), water, organic (ethically sourced) coffee",0,0,0,0,0,Drinks,12,1,2,Iced Coffee,2.25,6.75,2.25,2.25,null,M,null,,,,,
3966,Chameleon - Chicory Cold Brew,Chameleon’s signature cold-brew with a dash of spicy chicory. Contains caffeine.,null,null,null,null,4.99,90,87,1512235264,1,0,Coffee;Drinks,Chameleon,UNFI,null,35,1,"coffee, chicory",35,0,9,9,0,Drinks,12,1,2,Iced Coffee,2.25,6.75,2.25,2.25,null,M,null,,,,,
3967,Chameleon - Mocha Cold Brew,Lightly sweetened cocoa brings out the chocolate notes in our original bean blend. Contains caffeine.,null,null,null,null,4.99,90,87,1512235264,1,0,Coffee;Drinks,Chameleon,UNFI,null,40,1,"cocoa, coffee",40,0,9,9,0,Drinks,12,1,2,Iced Coffee,2.25,6.75,2.25,2.25,null,M,null,,,,,
3968,Oh Snap! - Hottie Pickle,"Whole mildly spicy dill pickle with a smooth, roundhouse kick",null,null,null,null,1.49,90,87,1470188280,1,0,Salty Snack;snacks,Oh Snap!,UNFI,null,999,1,Dill pickle.,999,null,null,null,null,Snacks,null,null,null,null,null,null,null,null,null,M,null,,,,,
3969,Oh Snap! - Gone Dilly Pickle,Whole classic kosher dill pickle with a delicious snap,null,null,null,null,1.49,90,87,1470188255,1,0,Salty Snack;snacks,Oh Snap!,UNFI,null,999,1,Kosher Dill Pickle,999,null,null,null,null,Snacks,null,null,null,null,null,null,null,null,null,M,null,,,,,
3970,Oh Snap! - Dilly Bites,Classic dill pickle - already sliced to add to your favorite salad or sandwich or to eat on their own.,null,null,null,null,1.49,90,87,1470188231,1,0,Salty Snack;snacks,Oh Snap!,UNFI,null,999,1,Dill pickle.,999,null,null,null,null,Snacks,null,null,null,null,null,null,null,null,null,M,null,,,,,
3971,Project Juice Arugula Beet Quinoa Salad,"Antioxidant Salad with Roasted Beets, Qunioa and Arugula, topped with Candied Pecans, Pickled Onions and Pomegranate Vinaigrette",null,null,null,null,10.95,4,87,1470188211,1,0,Lettuce & Vegetable Salad;salads,Project Juice,Project Juice,null,999,1,"Roasted Beets, Qunioa, Arugula, Candied Pecans, Pickled Onion, Pomegranate Vinaigrette.",999,null,null,null,null,Soups & Salads,null,null,null,null,null,null,null,null,null,M,null,,,,,
3976,BOXiChef - Honey Ham and Swiss Cheese,All Natural Honey Ham and Swiss Cheese on sliced sourdough,null,null,null,null,9.25,4,87,1470634515,1,0,"Sandwiches & Wraps;Sandwiches, Wraps & Burritos",BOXiChef,BOXiChef,null,999,1,"All Natural Honey Ham, Swiss Cheese, Sourdough.",999,null,null,null,null,Sandwiches & Wraps,null,null,null,null,null,null,null,null,null,M,null,,,,,
3977,BOXiChef - Pesto Caprese,"Fresh Mozzarella, Tomato, Basil, Pesto on sliced sourdough *Vegetarian",null,null,null,null,9,4,87,1470634592,1,0,"Sandwiches & Wraps;Sandwiches, Wraps & Burritos",BOXiChef,BOXiChef,null,999,1,"Fresh Mozzarella, Tomato, Basil, Pesto, Sourdough.",999,null,null,null,null,Sandwiches & Wraps,null,null,null,null,null,null,null,null,null,M,null,,,,,
3979,WTR MLN - Watermelon Water,"100% Juice - Watermelon Flesh, Rind and Organic Lemon",null,null,null,null,4.99,50,87,1516320926,1,0,"Juice, Smoothies & Blends;Drinks",WTR MLN,UNFI,null,60,1.5,"watermelon flesh, rind, organic lemon",60,1,12,15,0,Drinks,12,1,2,Coconut Water,null,null,null,null,null,M,null,,,,,
3980,RUNA - Clean Energy Zero Lime,.,null,null,null,null,2.59,50,87,1505197582,1,0,Tea;Drinks,RUNA,UNFI,null,0,1,"*brewed organic guayusa (purified water and organic guaysusa leaves), organic pears juice concentrate, organic lime flavor, citric acid, ascorbic acid (vitamin c), natural flavors",0,0,0,1,0,Drinks,12,1,2,Tea,2.25,8,2.25,2.25,null,M,null,,,,,
3981,RUNA - Clean Energy Zero Guava,.,null,null,null,null,2.59,50,87,1505197582,1,0,Tea;Drinks,RUNA,UNFI,null,0,1,"brewed organic guayusa, organic pear juice concentrate, organic guava flavor, l-malic acid, natural flavor, ascorbic acid (vitamin c)",0,0,0,1,0,Drinks,12,1,2,Tea,2.25,8,2.25,2.25,null,M,null,,,,,
3984,Project Juice Recharge,"An energizing blend of citrus, root veggies and coconut to hydrate, balance and restore for spring.Orange, Strawberry, Young Coconut Water, Grapefruit, Beet, Ginger, Lemon",null,null,null,null,9,21,87,1470188048,1,0,"drinks;Juice, Smoothies & Blends",Project Juice,Project Juice,null,999,1,"Citrus, Root Veggies, Coconut, Orange, Strawberry, Young Coconut Water, Grapefruit, Beet, Ginger, Lemon.",999,null,null,null,null,Drinks,null,null,null,null,null,null,null,null,null,M,null,,,,,
3985,Project Juice Potion 10,"Pineapple, Pear, Cucumber, Kale, Spinach. Romaine, Parsley, Ginger, Turmeric, Lime.",null,null,null,null,9.75,21,87,1470188027,1,0,"drinks;Juice, Smoothies & Blends",Project Juice,Project Juice,null,160,1,"Pineapple, Pear, Cucumber, Kale, Spinach. Romaine, Parsley, Ginger, Turmeric, Lime.",160,null,null,null,null,Drinks,null,null,null,null,null,null,null,null,null,M,null,,,,,
3991,Odwalla - Odwalla Mango Tango,.,null,null,null,null,3.89,90,87,1517533993,0,0,"Juice, Smoothies & Blends;Drinks",Odwalla,Odwalla,null,260,1,"orange and apple juices from concentrate, mango puree, banana puree, lemon juice concentrate, vitamin e, vitamin c, beta carotene, and gellan gum",260,1,57,65,0,Drinks,8,1,2,Smoothies & Yogurt Drinks,2.5,7,2.5,2.5,1000,P,null,,,,,
4001,Rustic Bakery - Vanilla Yogurt Parfait,"Straus Rich Vanilla Yogurt, Organic Mixed Berries, Rustic Bakery Vanilla Pecan Granola. Assemble your own fresh and delicious parfait.",null,null,null,null,7.99,10,87,1510290115,1,0,Yogurt & Dairy;Snacks,Rustic Bakery,Rustic Bakery,null,999,1,"straus rich vanilla yogurt, organic mixed berries, rustic bakery vanilla pecan granola",9999,null,null,null,null,Breakfast,1,1,1,Parfaits,3.75,4.25,3.75,3.75,null,M,null,,,,,
4002,Rustic Bakery - Greek Yogurt Parfait with Honey,"Straus Rich Greek Yogurt with Organic Blueberries, Toasted Seeds, and Almonds with a drizzle of Honey. Assemble your own fresh and delicious parfait.",null,null,null,null,7.99,10,87,1510290115,1,0,Yogurt & Dairy;Snacks,Rustic Bakery,Rustic Bakery,null,999,1,"yogurt, organic blueberries, toasted seeds, almonds, honey",9999,null,null,null,null,Breakfast,1,1,2,Parfaits,3.75,4.25,3.75,3.75,null,M,null,,,,,
4003,BOXiChef - Mango Chutney Curried Chicken Sandwich,"Curried Mary's Free Range Chicken with tangy mango chutney on sliced sourdough. *contains Eggs, Dairy, Soy, Wheat. May Contain Traces of Nuts.",null,null,null,null,9.25,4,87,1470634558,1,0,"Sandwiches & Wraps;Sandwiches, Wraps & Burritos",BOXiChef,BOXiChef,null,999,1,"Free Range Chicken, Tangy Mango Chutney, Sourdough, Eggs, Dairy, Soy, Wheat, Nuts.",999,null,null,null,null,Sandwiches & Wraps,null,null,null,null,null,null,null,null,null,M,null,,,,,
4004,BOXiChef - Turkey Pesto Sandwich,"Turkey, Swiss Cheese, Savory Pesto on Sliced Sourdough",null,null,null,null,9.25,4,87,1470634417,1,0,"Sandwiches & Wraps;Sandwiches, Wraps & Burritos",BOXiChef,BOXiChef,null,999,1,"Turkey, Swiss Cheese, Savory Pesto, Sliced Sourdough.",999,null,null,null,null,Sandwiches & Wraps,null,null,null,null,null,null,null,null,null,M,null,,,,,42,87,1527120885,0,0,Kombucha;Drinks,GT Kombucha,Good Stuff,null,null,2,"G.T.'s Kombucha* (Kombucha Culture*, Black Tea*, Green Tea*, Kiwi Juice*), cherry juice*, coconut*, lemongrass*, vanilla.* - *Organically Produced.",30,0,8,8,0,Drinks,12,null,null,Probiotic Drink,null,null,null,null,1000,P,W,,,,,